{
  "rq": "RQ1",
  "libraries": [
    "math"
  ],
  "library_metrics": [
    {
      "library": "math",
      "f1": 0.7399070929070929,
      "precision": 0.7229545454545455,
      "recall": 0.7651515151515151,
      "retrieval_mrr": 0.7752453102453103,
      "retrieval_recall@1": 0.6272727272727273,
      "retrieval_recall@10": 1.0,
      "retrieval_recall@3": 0.9181818181818182,
      "retrieval_recall@5": 0.9818181818181818,
      "retrieval_topk_same_api_hit_rate": 0.5590909090909091,
      "retrieval_topk_same_label_hit_rate": 0.9818181818181818
    }
  ],
  "macro_average": {
    "f1": 0.7399070929070929,
    "precision": 0.7229545454545455,
    "recall": 0.7651515151515151,
    "retrieval_mrr": 0.7752453102453103,
    "retrieval_recall@1": 0.6272727272727273,
    "retrieval_recall@10": 1.0,
    "retrieval_recall@3": 0.9181818181818182,
    "retrieval_recall@5": 0.9818181818181818,
    "retrieval_topk_same_api_hit_rate": 0.5590909090909091,
    "retrieval_topk_same_label_hit_rate": 0.9818181818181818
  }
}