{
  "rq": "RQ1",
  "libraries": [
    "resources"
  ],
  "library_metrics": [
    {
      "library": "resources",
      "f1": 0.8721233170250693,
      "precision": 0.9631383913992609,
      "recall": 0.8000638569604087,
      "retrieval_mrr": 0.7997833408879153,
      "retrieval_recall@1": 0.680830248545743,
      "retrieval_recall@10": 0.9934690639873083,
      "retrieval_recall@3": 0.899074563722898,
      "retrieval_recall@5": 0.9609201480698043,
      "retrieval_topk_same_api_hit_rate": 0.4139079851930196,
      "retrieval_topk_same_label_hit_rate": 0.9609201480698043
    }
  ],
  "macro_average": {
    "f1": 0.8721233170250693,
    "precision": 0.9631383913992609,
    "recall": 0.8000638569604087,
    "retrieval_mrr": 0.7997833408879153,
    "retrieval_recall@1": 0.680830248545743,
    "retrieval_recall@10": 0.9934690639873083,
    "retrieval_recall@3": 0.899074563722898,
    "retrieval_recall@5": 0.9609201480698043,
    "retrieval_topk_same_api_hit_rate": 0.4139079851930196,
    "retrieval_topk_same_label_hit_rate": 0.9609201480698043
  }
}