{
  "rq": "RQ1",
  "libraries": [
    "text"
  ],
  "library_metrics": [
    {
      "library": "text",
      "f1": 0.8297774045753841,
      "precision": 0.8310523663132359,
      "recall": 0.8398404558404559,
      "retrieval_mrr": 0.7985719897386564,
      "retrieval_recall@1": 0.6846127946127946,
      "retrieval_recall@10": 0.9945454545454545,
      "retrieval_recall@3": 0.9031986531986531,
      "retrieval_recall@5": 0.9671717171717171,
      "retrieval_topk_same_api_hit_rate": 0.8012121212121213,
      "retrieval_topk_same_label_hit_rate": 0.9671717171717171
    }
  ],
  "macro_average": {
    "f1": 0.8297774045753841,
    "precision": 0.8310523663132359,
    "recall": 0.8398404558404559,
    "retrieval_mrr": 0.7985719897386564,
    "retrieval_recall@1": 0.6846127946127946,
    "retrieval_recall@10": 0.9945454545454545,
    "retrieval_recall@3": 0.9031986531986531,
    "retrieval_recall@5": 0.9671717171717171,
    "retrieval_topk_same_api_hit_rate": 0.8012121212121213,
    "retrieval_topk_same_label_hit_rate": 0.9671717171717171
  }
}